{
	"format_version": "1.8.0",
	"animations": {
		"animation.model.draw": {
			"loop": "hold_on_last_frame",
			"animation_length": 0.6,
			"bones": {
				"main": {
					"rotation": {
						"0.0": {
							"vector": [32.09413, -54.38778, -8.29667]
						},
						"0.35": {
							"vector": [0.50518, -5.08075, 6.8716],
							"easing": "easeOutSine"
						},
						"0.5": {
							"vector": [0.32389, -0.60235, -2.1558],
							"easing": "linear"
						},
						"0.6": {
							"vector": [0, 0, 0],
							"easing": "linear"
						}
					},
					"position": {
						"0.0": {
							"vector": [0, -17.3, 0]
						},
						"0.25": {
							"vector": [-0.4, -2.525, -1.625],
							"easing": "linear"
						},
						"0.4": {
							"vector": [-0.05, 0, -2.49],
							"easing": "linear"
						},
						"0.55": {
							"vector": [0, 0, 0],
							"easing": "linear"
						}
					}
				},
				"leftarm": {
					"rotation": {
						"0.0": {
							"vector": [0, 0, 0]
						},
						"0.2": {
							"vector": [1, 0, -22]
						},
						"0.4": {
							"vector": [0, 0, 0]
						}
					},
					"position": {
						"0.0": {
							"vector": [0, 0, 0]
						},
						"0.2": {
							"vector": [3.53901, 3.6754, 5.59783]
						},
						"0.4": {
							"vector": [0, 0, 0]
						}
					}
				}
			},
			"sound_effects": {
				"0.1": {
					"effect": "gun_up"
				}
			}
		},
		"animation.model.inspect": {
			"loop": "hold_on_last_frame",
			"animation_length": 4.2,
			"bones": {
				"main": {
					"rotation": {
						"0.0": {
							"vector": [0, 0, 0]
						},
						"0.1667": {
							"vector": [-8.41746, -13.59608, -21.21259],
							"easing": "linear"
						},
						"0.3": {
							"vector": [-8.39812, -20.10111, -31.77688]
						},
						"0.4333": {
							"vector": [-9.55676, -20.88889, -28.55629]
						},
						"0.5333": {
							"vector": [-8.77652, -21.21647, -30.72851]
						},
						"0.7667": {
							"vector": [-9.4227, -20.94881, -28.93303]
						},
						"1.0": {
							"vector": [-3.1216, -20.98207, -46.44405]
						},
						"1.1333": {
							"vector": [-4.564, -20.73064, -42.44007]
						},
						"1.2333": {
							"vector": [-4.86325, -20.9153, -41.60203]
						},
						"1.3333": {
							"vector": [-4.58308, -20.97575, -42.38574]
						},
						"1.4667": {
							"vector": [-4.01131, -21.08802, -43.97908]
						},
						"1.6": {
							"vector": [-4.38767, -21.01662, -42.9316]
						},
						"1.7": {
							"vector": [-4.18847, -21.05622, -43.48691],
							"easing": "linear"
						},
						"2.0333": {
							"vector": [-5.79901, -7.95325, 19.78564]
						},
						"2.1333": {
							"vector": [-6.47035, -7.41858, 24.80208]
						},
						"2.2333": {
							"vector": [-7.38131, -6.51289, 32.30272]
						},
						"2.3667": {
							"vector": [-6.47035, -7.41858, 24.80208]
						},
						"2.5333": {
							"vector": [-3.50471, -7.77297, 21.37966]
						},
						"2.7333": {
							"vector": [-5.44594, -8.19823, 17.27274]
						},
						"2.9": {
							"vector": [-4.70828, -8.641, 12.23808]
						},
						"3.0667": {
							"vector": [-5.04357, -6.34871, 9.48101]
						},
						"3.2": {
							"vector": [-4.70828, -8.641, 12.23808]
						},
						"3.3333": {
							"vector": [-4.3251, -8.8379, 9.71656]
						},
						"3.5333": {
							"vector": [-2.75956, -4.73017, 9.40811]
						},
						"3.6": {
							"vector": [-2.75956, -4.73017, 9.40811]
						},
						"3.8": {
							"vector": [0, 0, 0],
							"easing": "linear"
						},
						"3.9333": {
							"vector": [0, 0, -5]
						},
						"4.0667": {
							"vector": [0, 0, 0],
							"easing": "linear"
						}
					},
					"position": {
						"0.0": {
							"vector": [0, 0, 0]
						},
						"0.3": {
							"vector": [-0.475, 1.475, -8.7]
						},
						"0.4": {
							"vector": [-0.195, 1, -7.7]
						},
						"0.5333": {
							"vector": [-0.03, 0.725, -7.7]
						},
						"0.7": {
							"vector": [0, 1.125, -7.7]
						},
						"0.9": {
							"vector": [0.125, 1.4, -8.275]
						},
						"1.2": {
							"vector": [-0.02, 1.475, -8]
						},
						"1.4": {
							"vector": [0.11, 1.425, -8.175]
						},
						"1.6667": {
							"vector": [0.275, 1.25, -7.975]
						},
						"2.0667": {
							"vector": [0.28, 1.25, -6.97]
						},
						"3.6": {
							"vector": [0.28, 1.25, -6.97]
						},
						"3.7333": {
							"vector": [0, 0, 0]
						},
						"3.9": {
							"vector": [0, 0, 2]
						},
						"4.0": {
							"vector": [0, 0, 0]
						}
					}
				},
				"leftarm": {
					"rotation": {
						"0.0": {
							"vector": [0, 0, 0]
						},
						"0.1667": {
							"vector": [0, 0, -2.5]
						},
						"1.7333": {
							"vector": [0, 0, -2.5]
						},
						"2.0333": {
							"vector": [7.5, 0, -45]
						},
						"2.4667": {
							"vector": [7.5, 0, -45]
						},
						"2.6667": {
							"vector": [8.69946, -6.13606, -26.54654]
						},
						"2.9": {
							"vector": [-14.9938, -16.51098, -19.46371]
						},
						"3.1333": {
							"vector": [-12.58828, -23.39333, -27.11064]
						},
						"3.2667": {
							"vector": [-14.9938, -16.51098, -19.46371]
						},
						"3.4": {
							"vector": [-9.03456, -29.89069, -35.50449]
						},
						"3.9333": {
							"vector": [0, 0, 0]
						}
					},
					"position": {
						"0.0": {
							"vector": [0, 0, 0]
						},
						"0.1667": {
							"vector": [11.23986, -30.20851, 24.64864]
						},
						"1.7333": {
							"vector": [11.23986, -30.20851, 24.64864]
						},
						"2.0333": {
							"vector": [0.35, 6.25, 2.33]
						},
						"2.4667": {
							"vector": [0.35, 6.25, 2.33]
						},
						"2.6667": {
							"vector": [8.35, 3.25, 18.33]
						},
						"2.9": {
							"vector": [8.35, 13.25, 11.33]
						},
						"3.0667": {
							"vector": [8.35, 13.25, 8.33]
						},
						"3.2": {
							"vector": [9.35, 13.25, 8.33]
						},
						"3.3333": {
							"vector": [9.35, 13.25, 13.33]
						},
						"3.4667": {
							"vector": [8.35, 13.25, 13.33]
						},
						"3.6": {
							"vector": [8.35, 13.25, 9.33]
						},
						"3.7": {
							"vector": [8.35, 13.25, 6.33]
						},
						"3.8": {
							"vector": [11.35, 13.25, 0.33]
						},
						"3.9333": {
							"vector": [0, 0, 0]
						}
					}
				}
			}
		},
		"animation.model.fire": {
			"animation_length": 1,
			"bones": {
				"main": {
					"rotation": {
						"0.0": {
							"vector": [0, 0, 0]
						},
						"0.0417": {
							"vector": [-3, 0, 0]
						},
						"0.125": {
							"vector": [-1, 0, 0]
						},
						"0.2083": {
							"vector": [1.5, 0, 0]
						},
						"0.2917": {
							"vector": [0, 0, 0]
						}
					},
					"position": {
						"0.0": {
							"vector": [0, 0, 0]
						},
						"0.0417": {
							"vector": [0, 0, 2]
						},
						"0.125": {
							"vector": [0, 0, 3]
						},
						"0.2083": {
							"vector": [0, 0, 0]
						}
					}
				},
				"Hammer": {
					"rotation": {
						"vector": [50, 0, 0]
					}
				}
			}
		},
		"animation.model.inspect2": {
			"loop": "hold_on_last_frame",
			"animation_length": 4.1,
			"bones": {
				"main": {
					"rotation": {
						"0.0": {
							"vector": [0, 0, 0]
						},
						"0.3": {
							"vector": [-22.12893, -56.55679, -5.56528]
						},
						"0.4": {
							"vector": [-14.71599, -58.14111, -14.36367]
						},
						"0.5333": {
							"vector": [-6.65301, -59.07099, -23.80336]
						},
						"0.6": {
							"vector": [-2.47582, -59.2701, -28.66716]
						},
						"0.7": {
							"vector": [1.73254, -59.28633, -33.56177]
						},
						"0.8": {
							"vector": [5.91906, -59.11938, -38.43478]
						},
						"0.9333": {
							"vector": [10.03223, -58.77222, -43.23531]
						},
						"1.0333": {
							"vector": [10.03223, -58.77222, -43.23531]
						},
						"1.1667": {
							"vector": [5.91906, -59.11938, -38.43478]
						},
						"1.2667": {
							"vector": [1.73254, -59.28633, -33.56177]
						},
						"1.3667": {
							"vector": [1.61548, -56.78739, -33.42382]
						},